[{
  "img": "https://image.watsons.com.cn//upload/8a316140.png?w=377&h=451&x-oss-process=image/resize,w_1080",
  "avatar": "https://img.xiaohongshu.com/avatar/5b7d198a7e6e15000155f7c9.jpg@80w_80h_90q_1e_1c_1x.jpg",
  "title": "最近浴室新宠，日系神仙好物了解一下～",
  "user": "迷人的小妖精迷人的小妖精",
  "like": "953"
}, {
  "img": "https://image.watsons.com.cn//upload/5c3e51e4.jpg?w=720&h=960&x-oss-process=image/resize,w_1080",
  "avatar": "https://img.xiaohongshu.com/avatar/5b7d198a7e6e15000155f7c9.jpg@80w_80h_90q_1e_1c_1x.jpg",
  "title": "真的是万能.超级实用.包包必备单品! ! !",
  "user": "迷人的小妖精迷人的小妖精",
  "like": "952"
}, {
  "img": "https://image.watsons.com.cn//upload/bef41e67.JPG?w=712&h=534&x-oss-process=image/resize,w_1080",
  "avatar": "https://img.xiaohongshu.com/avatar/5b7d198a7e6e15000155f7c9.jpg@80w_80h_90q_1e_1c_1x.jpg",
  "title": "150元搞定全套护肤品，这些护肤好物必须交出来！",
  "user": "迷人的小妖精迷人的小妖精",
  "like": "953"
}, {
  "img": "https://image.watsons.com.cn//upload/13afe9a7.jpg?x-oss-process=image/resize,w_1080",
  "avatar": "https://img.xiaohongshu.com/avatar/5b7d198a7e6e15000155f7c9.jpg@80w_80h_90q_1e_1c_1x.jpg",
  "title": "夏天用这款姨妈巾，让你体验真正的清爽",
  "user": "迷人的小妖精迷人的小妖精",
  "like": "953"
}, {
  "img": "https://image.watsons.com.cn//upload/642cb83c.jpeg?w=1080&h=1080&x-oss-process=image/resize,w_1080",
  "avatar": "https://img.xiaohongshu.com/avatar/5b7d198a7e6e15000155f7c9.jpg@80w_80h_90q_1e_1c_1x.jpg",
  "title": "贵妇级好用的水乳有哪些呢？千万不要去乱尝试贵妇级好用的水乳有哪些呢？千万不要去乱尝试贵妇级好用的水乳有哪些呢？千万不要去乱尝试",
  "user": "迷人的小妖精迷人的小妖精",
  "like": "953"
}, {
  "img": "https://image.watsons.com.cn//upload/98c7c4c3.jpg?w=1210&h=1210&x-oss-process=image/resize,w_1080",
  "avatar": "https://img.xiaohongshu.com/avatar/5b7d198a7e6e15000155f7c9.jpg@80w_80h_90q_1e_1c_1x.jpg",
  "title": "贵妇级好用的水乳有哪些呢？千万不要去乱尝试贵妇级好用的水乳有哪些呢？千万不要去乱尝试贵妇级好用的水乳有哪些呢？千万不要去乱尝试",
  "user": "迷人的小妖精迷人的小妖精",
  "like": "953"
}, {
  "img": "https://image.watsons.com.cn//upload/25ab20fe.JPG?w=1000&h=1200&x-oss-process=image/resize,w_1080",
  "avatar": "https://img.xiaohongshu.com/avatar/5b7d198a7e6e15000155f7c9.jpg@80w_80h_90q_1e_1c_1x.jpg",
  "title": "夏天用这款姨妈巾，让你体验真正的清爽",
  "user": "迷人的小妖精迷人的小妖精",
  "like": "953"
}, {
  "img": "https://image.watsons.com.cn//upload/083767f0.JPG?w=828&h=620&x-oss-process=image/resize,w_1080",
  "avatar": "https://img.xiaohongshu.com/avatar/5b7d198a7e6e15000155f7c9.jpg@80w_80h_90q_1e_1c_1x.jpg",
  "title": "150元搞定全套护肤品，这些护肤好物必须交出来！",
  "user": "迷人的小妖精迷人的小妖精",
  "like": "953"
}, {
  "img": "https://image.watsons.com.cn//upload/92761043.JPG?w=1000&h=999&x-oss-process=image/resize,w_1080",
  "avatar": "https://img.xiaohongshu.com/avatar/5b7d198a7e6e15000155f7c9.jpg@80w_80h_90q_1e_1c_1x.jpg",
  "title": "贵妇级好用的水乳有哪些呢？千万不要去乱尝试贵妇级好用的水乳有哪些呢？千万不要去乱尝试贵妇级好用的水乳有哪些呢？千万不要去乱尝试",
  "user": "迷人的小妖精迷人的小妖精",
  "like": "953"
}, {
  "img": "https://image.watsons.com.cn//upload/31e42833.jpg?w=750&h=750&x-oss-process=image/resize,w_1080",
  "avatar": "https://img.xiaohongshu.com/avatar/5b7d198a7e6e15000155f7c9.jpg@80w_80h_90q_1e_1c_1x.jpg",
  "title": "我想喝你的洗澡水！",
  "user": "MFF",
  "like": "953"
}, {
  "img": "https://image.watsons.com.cn//upload/02a4f38d.jpg?w=1067&h=1067&x-oss-process=image/resize,w_1080",
  "avatar": "https://img.xiaohongshu.com/avatar/5b7d198a7e6e15000155f7c9.jpg@80w_80h_90q_1e_1c_1x.jpg",
  "title": "贵妇级好用的水乳有哪些呢？千万不要去乱尝试贵妇级好用的水乳有哪些呢？千万不要去乱尝试贵妇级好用的水乳有哪些呢？千万不要去乱尝试",
  "user": "迷人的小妖精迷人的小妖精",
  "like": "953"
}, {
  "img": "https://ci.xiaohongshu.com/9d5d58d0-7f91-5792-b8e3-25b13b5c1807?imageView2/2/w/400/q/50/format/jpg",
  "avatar": "https://img.xiaohongshu.com/avatar/5b7d198a7e6e15000155f7c9.jpg@80w_80h_90q_1e_1c_1x.jpg",
  "title": "夏天用这款姨妈巾，让你体验真正的清爽",
  "user": "迷人的小妖精迷人的小妖精",
  "like": "953"
}, {
  "img": "https://image.watsons.com.cn//upload/92761043.JPG?w=1000&h=999&x-oss-process=image/resize,w_1080",
  "avatar": "https://img.xiaohongshu.com/avatar/5b7d198a7e6e15000155f7c9.jpg@80w_80h_90q_1e_1c_1x.jpg",
  "title": "贵妇级好用的水乳有哪些呢？千万不要去乱尝试贵妇级好用的水乳有哪些呢？千万不要去乱尝试贵妇级好用的水乳有哪些呢？千万不要去乱尝试",
  "user": "迷人的小妖精迷人的小妖精",
  "like": "953"
}, {
  "img": "https://ci.xiaohongshu.com/7e4df2f1-a364-59e7-b7a8-b165abbecd69?imageView2/2/w/400/q/50/format/jpg",
  "avatar": "https://img.xiaohongshu.com/avatar/5b7d198a7e6e15000155f7c9.jpg@80w_80h_90q_1e_1c_1x.jpg",
  "title": "150元搞定全套护肤品，这些护肤好物必须交出来！",
  "user": "迷人的小妖精迷人的小妖精",
  "like": "953"
}, {
  "img": "https://image.watsons.com.cn//upload/da61c0f5.jpg?w=959&h=958&x-oss-process=image/resize,w_1080",
  "avatar": "https://img.xiaohongshu.com/avatar/5b7d198a7e6e15000155f7c9.jpg@80w_80h_90q_1e_1c_1x.jpg",
  "title": "贵妇级好用的水乳有哪些呢？千万不要去乱尝试贵妇级好用的水乳有哪些呢？千万不要去乱尝试贵妇级好用的水乳有哪些呢？千万不要去乱尝试",
  "user": "迷人的小妖精迷人的小妖精123",
  "like": "953"
}, {
  "img": "https://ci.xiaohongshu.com/eb971d00-05ab-5b2a-ba03-52d8f544c42b?imageView2/2/w/400/q/50/format/jpg",
  "avatar": "https://img.xiaohongshu.com/avatar/5b7d198a7e6e15000155f7c9.jpg@80w_80h_90q_1e_1c_1x.jpg",
  "title": "夏天用这款姨妈巾，让你体验真正的清爽",
  "user": "迷人的小妖精迷人的小妖精",
  "like": "953"
}, {
  "img": "https://ci.xiaohongshu.com/9d5d58d0-7f91-5792-b8e3-25b13b5c1807?imageView2/2/w/400/q/50/format/jpg",
  "avatar": "https://img.xiaohongshu.com/avatar/5b7d198a7e6e15000155f7c9.jpg@80w_80h_90q_1e_1c_1x.jpg",
  "title": "贵妇级好用的水乳有哪些呢？千万不要去乱尝试贵妇级好用的水乳有哪些呢？千万不要去乱尝试贵妇级好用的水乳有哪些呢？千万不要去乱尝试",
  "user": "迷人的小妖精迷人的小妖精",
  "like": "953"
}, {
  "img": "https://image.watsons.com.cn//upload/589585c1.jpeg?x-oss-process=image/resize,w_1080",
  "avatar": "https://img.xiaohongshu.com/avatar/5b7d198a7e6e15000155f7c9.jpg@80w_80h_90q_1e_1c_1x.jpg",
  "title": "150元搞定全套护肤品，这些护肤好物必须交出来！",
  "user": "迷人的小妖精迷人的小妖精",
  "like": "953"
}, {
  "img": "https://image.watsons.com.cn//upload/60cc9b8e.jpg?w=991&h=744&x-oss-process=image/resize,w_1080",
  "avatar": "https://img.xiaohongshu.com/avatar/5b7d198a7e6e15000155f7c9.jpg@80w_80h_90q_1e_1c_1x.jpg",
  "title": "贵妇级好用的水乳有哪些呢？千万不要去乱尝试贵妇级好用的水乳有哪些呢？千万不要去乱尝试贵妇级好用的水乳有哪些呢？千万不要去乱尝试",
  "user": "迷人的小妖精迷人的小妖精",
  "like": "953"
}, {
  "img": "https://image.watsons.com.cn//upload/4a3c1788.jpg?w=823&h=1000&x-oss-process=image/resize,w_1080",
  "avatar": "https://img.xiaohongshu.com/avatar/5b7d198a7e6e15000155f7c9.jpg@80w_80h_90q_1e_1c_1x.jpg",
  "title": "夏天用这款姨妈巾，让你体验真正的清爽",
  "user": "MFF",
  "like": "953"
}, {
  "img": "https://ci.xiaohongshu.com/7e4df2f1-a364-59e7-b7a8-b165abbecd69?imageView2/2/w/400/q/50/format/jpg",
  "avatar": "https://img.xiaohongshu.com/avatar/5b7d198a7e6e15000155f7c9.jpg@80w_80h_90q_1e_1c_1x.jpg",
  "title": "贵妇级好用的水乳有哪些呢？千万不要去乱尝试贵妇级好用的水乳有哪些呢？千万不要去乱尝试贵妇级好用的水乳有哪些呢？千万不要去乱尝试",
  "user": "迷人的小妖精迷人的小妖精",
  "like": "953"
}, {
  "img": "https://image.watsons.com.cn//upload/d862d932.jpg?w=1080&h=1440&x-oss-process=image/resize,w_1080",
  "avatar": "https://img.xiaohongshu.com/avatar/5b7d198a7e6e15000155f7c9.jpg@80w_80h_90q_1e_1c_1x.jpg",
  "title": "真的是万能.超级实用.包包必备单品! ! !",
  "user": "迷人的小妖精迷人的小妖精123",
  "like": "953"
}, {
  "img": "https://image.watsons.com.cn//upload/0a89e6b7.jpg?w=1080&h=1920&x-oss-process=image/resize,w_1080",
  "avatar": "https://img.xiaohongshu.com/avatar/5b7d198a7e6e15000155f7c9.jpg@80w_80h_90q_1e_1c_1x.jpg",
  "title": "贵妇级好用的水乳有哪些呢？千万不要去乱尝试贵妇级好用的水乳有哪些呢？千万不要去乱尝试贵妇级好用的水乳有哪些呢？千万不要去乱尝试",
  "user": "迷人的小妖精迷人的小妖精",
  "like": "953"
}, {
  "img": "https://ci.xiaohongshu.com/97247d43-f7ab-5755-a6a6-c5e6c293442f?imageView2/2/w/400/q/50/format/jpg",
  "avatar": "https://img.xiaohongshu.com/avatar/5b7d198a7e6e15000155f7c9.jpg@80w_80h_90q_1e_1c_1x.jpg",
  "title": "夏天用这款姨妈巾，让你体验真正的清爽",
  "user": "MFF",
  "like": "953"
}, {
  "img": "https://image.watsons.com.cn//upload/b709ed72.jpg?w=552&h=414&x-oss-process=image/resize,w_1080",
  "avatar": "https://img.xiaohongshu.com/avatar/5b7d198a7e6e15000155f7c9.jpg@80w_80h_90q_1e_1c_1x.jpg",
  "title": "贵妇级好用的水乳有哪些呢？千万不要去乱尝试贵妇级好用的水乳有哪些呢？千万不要去乱尝试贵妇级好用的水乳有哪些呢？千万不要去乱尝试",
  "user": "迷人的小妖精迷人的小妖精",
  "like": "953"
}, {
  "img": "https://ci.xiaohongshu.com/19216d62-09cd-5d00-8116-0d60c9fb9102?imageView2/2/w/400/q/50/format/jpg",
  "avatar": "https://img.xiaohongshu.com/avatar/5b7d198a7e6e15000155f7c9.jpg@80w_80h_90q_1e_1c_1x.jpg",
  "title": "夏天用这款姨妈巾，让你体验真正的清爽",
  "user": "迷人的小妖精迷人的小妖精123",
  "like": "953"
}, {
  "img": "https://image.watsons.com.cn//upload/eb4fb58f.jpg?w=1080&h=1080&x-oss-process=image/resize,w_1080",
  "avatar": "https://img.xiaohongshu.com/avatar/5b7d198a7e6e15000155f7c9.jpg@80w_80h_90q_1e_1c_1x.jpg",
  "title": "150元搞定全套护肤品，这些护肤好物必须交出来！",
  "user": "迷人的小妖精迷人的小妖精",
  "like": "953"
}, {
  "img": "https://ci.xiaohongshu.com/97247d43-f7ab-5755-a6a6-c5e6c293442f?imageView2/2/w/400/q/50/format/jpg",
  "avatar": "https://img.xiaohongshu.com/avatar/5b7d198a7e6e15000155f7c9.jpg@80w_80h_90q_1e_1c_1x.jpg",
  "title": "贵妇级好用的水乳有哪些呢？千万不要去乱尝试贵妇级好用的水乳有哪些呢？千万不要去乱尝试贵妇级好用的水乳有哪些呢？千万不要去乱尝试",
  "user": "迷人的小妖精迷人的小妖精",
  "like": "953"
}, {
  "img": "https://image.watsons.com.cn//upload/99253111.jpg?w=1080&h=1920&x-oss-process=image/resize,w_1080",
  "avatar": "https://img.xiaohongshu.com/avatar/5b7d198a7e6e15000155f7c9.jpg@80w_80h_90q_1e_1c_1x.jpg",
  "title": "150元搞定全套护肤品，这些护肤好物必须交出来！",
  "user": "迷人的小妖精迷人的小妖精",
  "like": "953"
}, {
  "img": "https://ci.xiaohongshu.com/19216d62-09cd-5d00-8116-0d60c9fb9102?imageView2/2/w/400/q/50/format/jpg",
  "avatar": "https://img.xiaohongshu.com/avatar/5b7d198a7e6e15000155f7c9.jpg@80w_80h_90q_1e_1c_1x.jpg",
  "title": "最近浴室新宠，日系神仙好物了解一下～",
  "user": "迷人的小妖精迷人的小妖精123",
  "like": "953"
}, {
  "img": "https://image.watsons.com.cn//upload/fcd68df4.jpg?w=1080&h=1080&x-oss-process=image/resize,w_1080",
  "avatar": "https://img.xiaohongshu.com/avatar/5b7d198a7e6e15000155f7c9.jpg@80w_80h_90q_1e_1c_1x.jpg",
  "title": "夏天用这款姨妈巾，让你体验真正的清爽",
  "user": "迷人的小妖精迷人的小妖精",
  "like": "953"
}, {
  "img": "https://image.watsons.com.cn//upload/99253111.jpg?w=1080&h=1920&x-oss-process=image/resize,w_1080",
  "avatar": "https://img.xiaohongshu.com/avatar/5b7d198a7e6e15000155f7c9.jpg@80w_80h_90q_1e_1c_1x.jpg",
  "title": "夏天用这款姨妈巾，让你体验真正的清爽",
  "user": "迷人的小妖精迷人的小妖精",
  "like": "953"
}, {
  "img": "https://ci.xiaohongshu.com/97247d43-f7ab-5755-a6a6-c5e6c293442f?imageView2/2/w/400/q/50/format/jpg",
  "avatar": "https://img.xiaohongshu.com/avatar/5b7d198a7e6e15000155f7c9.jpg@80w_80h_90q_1e_1c_1x.jpg",
  "title": "贵妇级好用的水乳有哪些呢？千万不要去乱尝试贵妇级好用的水乳有哪些呢？千万不要去乱尝试贵妇级好用的水乳有哪些呢？千万不要去乱尝试",
  "user": "迷人的小妖精迷人的小妖精",
  "like": "953"
}, {
  "img": "https://image.watsons.com.cn//upload/dce45845.png?w=1080&h=1438&x-oss-process=image/resize,w_1080",
  "avatar": "https://img.xiaohongshu.com/avatar/5b7d198a7e6e15000155f7c9.jpg@80w_80h_90q_1e_1c_1x.jpg",
  "title": "真的是万能.超级实用.包包必备单品! ! !",
  "user": "迷人的小妖精迷人的小妖精",
  "like": "953"
}, {
  "img": "https://ci.xiaohongshu.com/19216d62-09cd-5d00-8116-0d60c9fb9102?imageView2/2/w/400/q/50/format/jpg",
  "avatar": "https://img.xiaohongshu.com/avatar/5b7d198a7e6e15000155f7c9.jpg@80w_80h_90q_1e_1c_1x.jpg",
  "title": "夏天用这款姨妈巾，让你体验真正的清爽",
  "user": "MFF",
  "like": "953"
}, {
  "img": "https://image.watsons.com.cn//upload/589585c1.jpeg?x-oss-process=image/resize,w_1080",
  "avatar": "https://img.xiaohongshu.com/avatar/5b7d198a7e6e15000155f7c9.jpg@80w_80h_90q_1e_1c_1x.jpg",
  "title": "贵妇级好用的水乳有哪些呢？千万不要去乱尝试贵妇级好用的水乳有哪些呢？千万不要去乱尝试贵妇级好用的水乳有哪些呢？千万不要去乱尝试",
  "user": "迷人的小妖精迷人的小妖精",
  "like": "953"
}, {
  "img": "https://image.watsons.com.cn//upload/415f984f.jpeg?w=828&h=1104&x-oss-process=image/resize,w_1080",
  "avatar": "https://img.xiaohongshu.com/avatar/5b7d198a7e6e15000155f7c9.jpg@80w_80h_90q_1e_1c_1x.jpg",
  "title": "最近浴室新宠，日系神仙好物了解一下～",
  "user": "迷人的小妖精迷人的小妖精123",
  "like": "953"
}, {
  "img": "https://ci.xiaohongshu.com/9d5d58d0-7f91-5792-b8e3-25b13b5c1807?imageView2/2/w/400/q/50/format/jpg",
  "avatar": "https://img.xiaohongshu.com/avatar/5b7d198a7e6e15000155f7c9.jpg@80w_80h_90q_1e_1c_1x.jpg",
  "title": "真的是万能.超级实用.包包必备单品! ! !",
  "user": "迷人的小妖精迷人的小妖精",
  "like": "953"
}, {
  "img": "https://image.watsons.com.cn//upload/137b50b0.jpg?x-oss-process=image/resize,w_1080",
  "avatar": "https://img.xiaohongshu.com/avatar/5b7d198a7e6e15000155f7c9.jpg@80w_80h_90q_1e_1c_1x.jpg",
  "title": "贵妇级好用的水乳有哪些呢？千万不要去乱尝试贵妇级好用的水乳有哪些呢？千万不要去乱尝试贵妇级好用的水乳有哪些呢？千万不要去乱尝试",
  "user": "迷人的小妖精迷人的小妖精",
  "like": "953"
}, {
  "img": "https://image.watsons.com.cn//upload/54c5d7b4.jpg?w=828&h=991&x-oss-process=image/resize,w_1080",
  "avatar": "https://img.xiaohongshu.com/avatar/5b7d198a7e6e15000155f7c9.jpg@80w_80h_90q_1e_1c_1x.jpg",
  "title": "150元搞定全套护肤品，这些护肤好物必须交出来！",
  "user": "MFF",
  "like": "953"
}, {
  "img": "https://ci.xiaohongshu.com/19216d62-09cd-5d00-8116-0d60c9fb9102?imageView2/2/w/400/q/50/format/jpg",
  "avatar": "https://img.xiaohongshu.com/avatar/5b7d198a7e6e15000155f7c9.jpg@80w_80h_90q_1e_1c_1x.jpg",
  "title": "夏天用这款姨妈巾，让你体验真正的清爽",
  "user": "迷人的小妖精迷人的小妖精123",
  "like": "953"
}, {
  "img": "https://ci.xiaohongshu.com/9d5d58d0-7f91-5792-b8e3-25b13b5c1807?imageView2/2/w/400/q/50/format/jpg",
  "avatar": "https://img.xiaohongshu.com/avatar/5b7d198a7e6e15000155f7c9.jpg@80w_80h_90q_1e_1c_1x.jpg",
  "title": "最近浴室新宠，日系神仙好物了解一下～",
  "user": "迷人的小妖精迷人的小妖精",
  "like": "953"
}, {
  "img": "https://ci.xiaohongshu.com/97247d43-f7ab-5755-a6a6-c5e6c293442f?imageView2/2/w/400/q/50/format/jpg",
  "avatar": "https://img.xiaohongshu.com/avatar/5b7d198a7e6e15000155f7c9.jpg@80w_80h_90q_1e_1c_1x.jpg",
  "title": "真的是万能.超级实用.包包必备单品! ! !",
  "user": "迷人的小妖精迷人的小妖精",
  "like": "953"
}, {
  "img": "https://image.watsons.com.cn//upload/71d19462.jpg?x-oss-process=image/resize,w_1080",
  "avatar": "https://img.xiaohongshu.com/avatar/5b7d198a7e6e15000155f7c9.jpg@80w_80h_90q_1e_1c_1x.jpg",
  "title": "夏天用这款姨妈巾，让你体验真正的清爽",
  "user": "MFF",
  "like": "953"
}, {
  "img": "https://ci.xiaohongshu.com/19216d62-09cd-5d00-8116-0d60c9fb9102?imageView2/2/w/400/q/50/format/jpg",
  "avatar": "https://img.xiaohongshu.com/avatar/5b7d198a7e6e15000155f7c9.jpg@80w_80h_90q_1e_1c_1x.jpg",
  "title": "150元搞定全套护肤品，这些护肤好物必须交出来！",
  "user": "迷人的小妖精迷人的小妖精123",
  "like": "953"
}]